{"cameraMode":{"drawMode":0,"name":"Shaded","section":"Shading Mode"},"sceneLighting":true,"audioPlay":false,"sceneViewState":{"m_AlwaysRefresh":false,"showFog":true,"showSkybox":true,"showFlares":true,"showImageEffects":true,"showParticleSystems":true,"showVisualEffectGraphs":true,"m_FxEnabled":true},"in2DMode":false,"pivot":{"x":2.2343032360076906,"y":-7.9155707359313969,"z":5.093686103820801},"rotation":{"x":0.033314138650894168,"y":-0.9590213894844055,"z":0.12733127176761628,"w":0.2509128749370575},"size":18.024744033813478,"orthographic":false}