{"cameraMode":{"drawMode":0,"name":"Shaded","section":"Shading Mode"},"sceneLighting":true,"audioPlay":false,"sceneViewState":{"m_AlwaysRefresh":false,"showFog":true,"showSkybox":true,"showFlares":true,"showImageEffects":true,"showParticleSystems":true,"showVisualEffectGraphs":true,"m_FxEnabled":true},"in2DMode":false,"pivot":{"x":7.985623359680176,"y":-28.529756546020509,"z":58.656455993652347},"rotation":{"x":0.27533194422721865,"y":0.020765475928783418,"z":-0.005947872530668974,"w":0.9611120223999023},"size":25.42599868774414,"orthographic":false}