{"cameraMode":{"drawMode":0,"name":"Shaded","section":"Shading Mode"},"sceneLighting":true,"audioPlay":false,"sceneViewState":{"m_AlwaysRefresh":false,"showFog":true,"showSkybox":true,"showFlares":true,"showImageEffects":true,"showParticleSystems":true,"showVisualEffectGraphs":true,"m_FxEnabled":true},"in2DMode":false,"pivot":{"x":16.313013076782228,"y":-24.957141876220704,"z":67.31050109863281},"rotation":{"x":0.2142435908317566,"y":0.026957206428050996,"z":-0.005915107671171427,"w":0.9763944745063782},"size":50.301605224609378,"orthographic":false}